Year,spawners,recruits,lnrs,PDO,SL
1951,171725,457007.2121,0.978804812,-1.094947524756176,-0.2768649270189566
1952,176250,298716.9211,0.527592931,-1.101106065710596,-0.3059262422624185
1953,137625,339247.3539,0.902196904,-0.3374469873625187,-0.4063686779122282
1954,86375,544674.7469,1.84149054,-0.4749877353445648,-0.5169035136853865
1955,110500,606789.3047,1.703166101,0.09570372643168643,-0.6274079415936601
1956,32950,400464.0725,2.497632795,-2.1952735086125457,-0.7378001908102102
1957,84655,267911.4011,1.152072159,-1.1934841800268956,-0.8350937987273296
1958,89400,261839.3678,1.074610533,1.2309281090297692,-0.8569166016677746
1959,152300,334077.8168,0.785521691,0.8778384276430237,-0.8680691904754193
1960,144782,341713.5515,0.858743655,1.0441190334123631,-0.8792521873942828
1961,103920,225157.1117,0.77317706,0.7628789964938507,-0.8904036628212636
1962,130357,381286.8385,1.073275108,-0.9204555310476099,-0.9015562516289083
1963,192245,443223.018,0.83530247,0.20245176964163272,-0.9127392485477718
1964,246741,987701.828,1.387041655,0.28661849601870576,-0.9238907239747526
1965,129459,661146.4093,1.630611083,-0.2922843536967722,-0.9350433127825335
1966,360810,675103.6941,0.626514796,0.046435398796326584,-0.9461868948367133
1967,213873,545326.6799,0.936002647,-0.12395090094262613,-0.953705357929115
1968,670328,1265058.669,0.635106634,0.10802080834052634,-0.9404368293917582
1969,309220,1384571.685,1.49909312,-0.36823969213461855,-0.9243684443629401
1970,284250,772488.9679,0.999763595,1.3520460811333619,-0.912197920424286
1971,290125,579652.295,0.692116568,-0.9368783069260632,-0.9003204436134589
1972,423290,911324.2647,0.766841254,-1.4459843591581147,-0.8880145150476585
1973,267080,813139.9154,1.113354953,-0.0808411142616863,-0.8769547062108753
1974,350315,1019571.261,1.068304736,-0.8527115805489901,-0.8771344237756069
1975,191420,482340.9738,0.924181312,-0.03362563361113315,-0.8777282823734139
1976,340517,790637.3553,0.842374348,-1.029256421242363,-0.8764862942565766
1977,599341,573665.9673,-0.04378343,1.5409080037355747,-0.8747904286966288
1978,358990,666342.5841,0.618509396,0.7361919856913642,-0.8697887287383068
1979,255634,518168.1644,0.706553097,-0.25943880193986574,-0.8467493767214809
1980,314011,760537.6631,0.884597618,0.7197692098129109,-0.8200336256304874
1981,436996,1671325.98,1.341448549,1.2843021306347424,-0.7920208815427663
1982,326439,1462818.38,1.49987715,0.46932187766649847,-0.7624606175756613
1983,371770,673139.6438,0.593677419,0.875785580658217,-0.7315305197349374
1984,541478,984259.7624,0.597587411,1.7913553358819871,-0.6998966475465762
1985,1383808,1154731.991,-0.180970844,0.7464562206153975,-0.6668552723492748
1986,997327,1522545.262,0.423060028,1.1241800658198229,-0.6322499402277773
1987,363671,1482704.387,1.405373375,1.9042619200463533,-0.5957809882113135
1988,528467,1535457.553,1.066603333,0.9578994600504834,-0.5567299524281998
1989,739647,1593610.96,0.767584719,-0.5180975220255047,-0.5117413179296189
1990,861972,2146403.163,0.912325985,-0.450353571526885,-0.46291432975191066
1991,1106348,1813267.302,0.494065856,-1.3330777749937486,-0.4085321419652275
1992,1035859,1301468.234,0.228262004,0.4775332656057251,-0.35063992857703064
1993,985479,1536216.212,0.44394985,0.6622894942383245,-0.2937971406158256
1994,1666079,3619664.877,0.775908484,0.99690355276181,-0.2573453085320985
1995,1628542,2891781.199,0.574187508,-0.6002114014177712,-0.21754794059825824
1996,1186180,1406508.375,0.170372244,1.0194848695946832,-0.17450526203085567
1997,1045815,3026044.564,1.062459857,0.6314967894662246,-0.12754306613926936
1998,3561043,2543320.017,-0.336583159,1.629180424082261,-0.0767640053752428
1999,2987256,3078021.551,0.029931797,-0.7131179855821373,-0.013700044442503069
2000,699976,2282485.943,1.181974405,-1.3618176327810416,0.06414560209650334
2001,3151893,1868662.079,-0.522780516,0.12854927818859296,0.14681446910127752
2002,2302250,2826467.168,0.205140676,-0.8137074878376638,0.228479787392363
2003,1494491,1321874.942,-0.122734541,1.6312332710670676,0.28091282127872463
2004,2716634,1274857.432,-0.75655926,-0.02746709265671311,0.33858659443497197
2005,1331383,826792.9558,-0.476419223,0.058752480705166546,0.4475419489446918
2006,1970621,653276.4519,-1.104103604,-0.04183702155035974,0.5543240744821432
2007,1057248,1919087.385,0.596180447,-0.43598364263323836,0.6944309279721346
2008,982016,1341575.499,0.311992346,-1.0148864923487164,0.8498034942105696
2009,474550,1605367.076,1.21874073,-1.4254558893100482,1.0101917534139182
2010,608718,1596985.392,0.964517895,0.06080532768997321,1.1427416580438183
2011,1079068,1137157.667,0.052434169,-1.3433420099177817,1.2779738789644501
2012,1381072,3027578.79,0.784903212,-1.7662284887879536,1.4230426838841712
2013,1167839,805154.9323,-0.37187559,-0.89582136722993,1.5635600321106247
2014,1165580,920933.0501,-0.235586755,-0.2491745670158324,1.6317575707414367
2015,950865,390127.0642,-0.890899605,1.8837334501982868,1.6913499456354446
2016,1975386,720301.2076,-1.008849633,1.1631841585311493,1.749639164198119
2017,659667,502191.099,-0.27275444,0.6602366472535178,1.749639164198119
2018,NA,NA,NA,0.11417934929494637,1.749639164198119
2019,NA,NA,NA,-0.1588492996843393,1.749639164198119
2020,NA,NA,NA,-0.7254350674909774,1.749639164198119
2021,NA,NA,NA,-0.8937685202451233,1.749639164198119
2022,NA,NA,NA,-2.0187286679191727,1.749639164198119
2023,NA,NA,NA,1.0851759731084962,1.749639164198119
2024,NA,NA,NA,-1.4408522416960983,1.749639164198119
2025,NA,NA,NA,NA,1.749639164198119
2026,NA,NA,NA,0.6089154726333513,1.749639164198119
