Year,CPI
1960,13.34430452
1961,13.48025186
1962,13.62335432
1963,13.84516314
1964,14.10990269
1965,14.43903835
1966,14.98998283
1967,15.52661706
1968,16.15626789
1969,16.89324556
1970,17.45850029
1971,17.93073841
1972,18.82512879
1973,20.23468804
1974,22.45993131
1975,24.85689754
1976,26.73153978
1977,28.86376646
1978,31.45392101
1979,34.33028048
1980,37.80767029
1981,42.52289639
1982,47.10217516
1983,49.86405266
1984,52.01058958
1985,54.07126503
1986,56.33943904
1987,58.79364625
1988,61.16199199
1989,64.21007441
1990,67.27962221
1991,71.06468231
1992,72.12364053
1993,73.46880366
1994,73.59044076
1995,75.17172295
1996,76.35231826
1997,77.59015455
1998,78.36290784
1999,79.72238122
2000,81.89038351
2001,83.95821408
2002,85.85432169
2003,88.22266743
2004,89.86119061
2005,91.85031483
2006,93.68918145
2007,95.69261591
2008,97.96078993
2009,98.25414997
2010,100
2011,102.9121351
2012,104.4719519
2013,105.4522038
2014,107.4627934
2015,108.6720092
2016,110.2246709
2017,111.9848311
2018,114.5248998
2019,116.7572982
2020,117.5944476
2021,121.5870063
2022,129.8583286
2023,134.8955352
2024,138.1081855
2025,140.9702347
