year,sst_anom_mjj
1854,-0.453910325613998
1855,0.012431345576047876
1856,-0.550895011832199
1857,-0.05213497615771955
1858,-0.08135603907540298
1859,-0.6701997275969745
1860,-0.8816334913009446
1861,-0.4178245610715217
1862,-0.37707718438167054
1863,-0.28962123084531055
1864,-0.19853144433557665
1865,-0.28564469058076153
1866,-0.4267370232427986
1867,-0.22180105657407004
1868,-0.336411874574132
1869,0.3161265580164988
1870,-0.8230848040028389
1871,-0.4064452597700317
1872,-0.5605627126224547
1873,-0.5682436261129039
1874,0.31838016317403595
1875,-1.0953369508902575
1876,-0.34554988223319627
1877,0.03833682868027233
1878,0.07989558610499685
1879,-0.04214713452016623
1880,-1.5569010412459174
1881,-1.6446498687079543
1882,-2.5191402134997656
1883,-0.33075832149835893
1884,0.5791118031520455
1885,-1.5936776549085743
1886,0.6143737290568501
1887,0.7091052441764819
1888,2.9059662208251025
1889,-0.27297250802640305
1890,-1.6396966316582458
1891,0.7282377068721995
1892,-0.13877531962531908
1893,-0.9346329631797033
1894,-2.175645306607422
1895,-1.9226476528400605
1896,-0.6495393137483889
1897,-1.0864981060470202
1898,1.2422790060952518
1899,-0.8265349085895779
1900,-0.1366379168782629
1901,-1.9366982353124176
1902,-0.1440041831770371
1903,-1.4971479864209538
1904,-2.6900465530815505
1905,-0.4327786486863028
1906,-0.6815329585353944
1907,-1.0602222224481666
1908,-1.9005415143794049
1909,-1.1870147726159965
1910,-1.7810035997286016
1911,-1.6151911288270857
1912,-0.2296715988228704
1913,-0.32309088873185593
1914,-0.8735511677660533
1915,0.5836328137179687
1916,-1.8501690197014442
1917,-0.660922468879977
1918,-0.8083053068767433
1919,-1.4464563404566688
1920,-0.6234511189697712
1921,-0.7888573726196865
1922,-1.060025545965388
1923,-0.25471402808059534
1924,-0.7034815059269185
1925,-1.2775450966558195
1926,0.25706051172096495
1927,-0.6739768322643026
1928,-0.8396118839944545
1929,-0.22366750779049185
1930,-0.8308410513260357
1931,-0.7257894669429736
1932,-0.8630171264399227
1933,-1.2392864623242157
1934,-0.4681860339880067
1935,-0.31975250168145475
1936,0.9193714939822462
1937,0.0977138485604461
1938,-0.7258402377565916
1939,-0.7930017889659361
1940,0.6391767362474337
1941,0.7766942876556419
1942,0.5567573850489478
1943,-0.5610064060254338
1944,-0.39460893030988603
1945,-0.23413450681716197
1946,-0.03104970638996511
1947,0.0076044124182223635
1948,-0.0057051070134947965
1949,-0.5943336650910418
1950,-1.2276074285140213
1951,-0.20813225769797628
1952,-0.6576552149641652
1953,-0.07789549944465837
1954,-0.49372749968101337
1955,-0.8990322576896446
1956,-0.165490710266814
1957,0.7853161483023358
1958,1.0317911755479006
1959,0.2853022230070715
1960,-0.2263195354340814
1961,0.23108594252056183
1962,-0.14841739164848247
1963,0.25490157733736163
1964,-0.5785603876256238
1965,-1.1661053212611256
1966,-0.5571980648216288
1967,0.40031439046631645
1968,0.383891068164385
1969,-0.5985319655252951
1970,-0.6257122915928046
1971,-1.6836211054660488
1972,-1.024541849129544
1973,-0.9916800974435007
1974,-0.5086860678362708
1975,-1.4116721750647452
1976,-1.038291763702672
1977,0.13824761917754835
1978,-0.4262295358943817
1979,0.22440906444949008
1980,-0.3531801285406421
1981,0.6508479586128382
1982,-1.0847836074439925
1983,0.666483494884034
1984,0.34891180034600944
1985,-0.9391772133273625
1986,-0.6478792801161508
1987,-0.5199919931197328
1988,-0.3385546980343671
1989,-0.025995861352706887
1990,0.2907317857448321
1991,-0.16123097753728144
1992,0.18168776231928163
1993,0.6958495695469332
1994,0.29464668425597357
1995,-0.03791672432602086
1996,0.22412113966718
1997,1.1412678289722584
1998,0.2726939935216029
1999,-1.170670470599214
2000,-0.010067385763592007
2001,-0.17388310139059757
2002,0.20349336538919832
2003,0.48764195364733426
2004,0.9643575050589996
2005,1.5569885020438934
2006,0.046559405137401554
2007,-0.5042922560914814
2008,-0.8953486147664732
2009,-0.035655365328361534
2010,-0.4131726126732708
2011,-0.16639234256026822
2012,-1.0938114276232191
2013,0.36289905049394205
2014,1.5390721156440716
2015,1.5228349677603756
2016,1.6443663834193678
2017,0.5668813764903047
2018,0.7036928996841194
2019,1.839060427342304
2020,1.1756660850917653
2021,0.3620790007504286
2022,0.7012357360111093
2023,0.2502146312363991
2024,0.13917443331510337
2025,0.7183934159392007
2026,-0.014329520482673897
