model_id,Stock,AIC,R^2,adjR^2,(Intercept),PDO,SeaLions,spawners,seal,pink,smolt.sst,adult.sst,NPGO,deltaAIC
61,Birkenhead,199.46248393738955,0.49073539121902066,0.5087033817861621,1.4706831371055633,-0.2551584464336261,-0.7066626361219923,-5.721774293242546e-6,NA,NA,NA,NA,NA,0
15,Bowron,179.60651061786962,0.5267648475646745,0.5481828687460697,1.6467949417041525,NA,-0.3080126355603761,-4.9007759543715914e-5,NA,-0.4549437790508261,NA,NA,NA,0
16,Bowron,179.71188241562615,0.5397682179814731,0.5617149503407386,1.6319074196173509,NA,NA,-4.182894073987078e-5,NA,-0.4341040431608171,-0.2812923258405469,NA,-0.2736524893281763,0.10537179775653271
16,Chilko,170.94006068540017,0.444369596458838,0.47152450165732734,1.5747877147697018,-0.2234491196013474,-0.4115772817136769,-9.211557494820452e-7,NA,NA,NA,NA,NA,0
21,Cultus,223.57420413955182,0.3223585084363827,0.332558643804947,0.9326661106054217,NA,-0.3924652282673428,-2.2200573585698372e-5,NA,NA,-0.5119917505473993,NA,NA,0
16,Early Stuart,149.5507285202314,0.5042836914436872,0.5407983256821755,1.2128204677220198,NA,NA,-1.0912168326727808e-6,-0.4863532269919224,NA,NA,-0.17958761053165578,NA,0
1,Gates,221.47165187282016,0.20505578496704135,0.211683019892655,1.3131991086385342,NA,NA,-1.1484618714948962e-5,NA,NA,-0.36670217187394133,NA,NA,0
8,Late Stuart,215.9178731151558,0.32002333399070737,0.33058849408750657,1.412115251400896,NA,NA,-4.93605081205281e-7,NA,-0.4350887793982418,NA,NA,NA,0
3,Pitt,164.22595288570693,0.5440864675584614,0.5729360067954553,1.3570651876957884,NA,-0.26282520492414063,-1.9250870296889595e-5,NA,NA,-0.2715999586336121,NA,NA,0
20,Portage,220.63854299329398,0.24530183336352163,0.2521650004789203,1.7445188901560538,NA,NA,-2.4849335718874943e-5,NA,-0.5090597410514404,NA,NA,NA,0
76,Quesnel,250.66375359898143,0.14029180491108162,0.14416138538742243,0.9770004037080631,NA,NA,-1.5463616803580407e-7,NA,NA,NA,-0.36569811064013885,NA,0
36,Raft,179.83889310759918,0.3672346249374565,0.3889846382564295,1.346446931633512,NA,-0.3029656490913635,-2.1281859513731637e-5,NA,NA,-0.23984730274440955,NA,NA,0
40,Raft,180.63073279548493,0.35600032410234117,0.37801307732389794,1.3331176002547633,-0.23971116132122486,-0.43800613057194127,-1.9839469675210644e-5,NA,NA,NA,NA,NA,0.791839687885755
4,Scotch,180.20071035724632,0.4147286353940317,0.4247476156655438,1.4920025434890887,NA,NA,-3.904389579122945e-6,NA,-0.6324123106233831,NA,NA,0.38092736982209924,0
8,Scotch,180.6878303571261,0.4093246435614111,0.41921307464259056,1.5223430397911173,NA,NA,-3.757632094145594e-6,NA,-0.48835489538431764,NA,-0.36763088238868974,NA,0.4871199998797806
1,Seymour,169.21060093762495,0.5385684977762026,0.5635857445807545,1.315940264678945,NA,NA,-2.8660750036764664e-6,NA,-0.38836709665307156,-0.3590781973901024,NA,NA,0
1,Stellako,158.45557037815962,0.5452462262649229,0.5746955549626377,1.4951220300581076,NA,-0.4065587235843557,-2.3210360556021908e-06,NA,-0.25297629777220965,NA,NA,NA,0
62,Weaver,179.62078939922154,0.24883773712758928,0.2559253778577382,1.9664425665095238,NA,NA,-4.9242543204682185e-6,NA,-0.47158865533297906,NA,NA,NA,0
64,Weaver,179.98830893153016,0.24350995477507265,0.2504458443776034,1.9373795399397478,NA,NA,-5.176092640042742e-6,NA,NA,-0.4372544953535839,NA,NA,0.36751953230862
