U_chum_orig,U_thompson_orig,U_chilcotin_orig,Year,U_thompson,U_chum,U_chilcotin
0.86,,,1951,0.11,0.08,0.11
0.81,,,1952,0.23,0.12,0.23
0.85,,,1953,0.11,0.03,0.11
0.92,,,1954,0.09,0.15,0.09
0.72,,,1955,0.06,0.07,0.06
0.88,,,1956,0.10,0.15,0.10
0.73,,,1957,0.14,0.26,0.14
0.84,,,1958,0.15,0.19,0.15
0.77,,,1959,0.21,0.26,0.21
0.63,,,1960,0.12,0.27,0.12
0.59,,,1961,0.16,0.24,0.16
0.48,,,1962,0.11,0.20,0.11
0.43,,,1963,,0.42,
0.34,,,1964,0.10,0.08,0.10
0.24,,,1965,0.10,0.24,0.10
0.14,,,1966,0.20,0.19,0.20
0.34,,,1967,0.11,0.27,0.11
0.42,,,1968,0.25,0.23,0.25
0.47,,,1969,0.24,0.35,0.24
0.62,,,1970,0.20,0.33,0.20
0.23,,,1971,,,
0.69,,,1972,,,
0.82,,0.42,1973,,,
0.51,,0.42,1974,,,
0.61,,0.42,1975,,,
0.66,,0.42,1976,,,
0.17,,0.42,1977,,,
0.7,0.42,0.42,1978,,,
0.17,0.42,0.42,1979,,,
0.65,0.42,0.42,1980,,,
0.13,0.42,0.42,1981,,,
0.55,0.42,0.42,1982,,,
0.21,0.42,0.42,1983,,,
0.12,0.42,0.42,1984,,,
0.25,0.42,0.42,1985,,,
0.37,0.42,0.42,1986,,,
0.24,0.42,0.42,1987,,,
0.49,0.42,0.42,1988,,,
0.32,0.42,0.42,1989,,,
0.46,0.42,0.42,1990,,,
0.24,0.42,0.42,1991,,,
0.33,0.42,0.42,1992,,,
0.33,0.29,0.29,1993,,,
0.27,0.24,0.24,1994,,,
0.12,0.43,0.43,1995,,,
0.05,0.34,0.34,1996,,,
0.08,0.11,0.11,1997,,,
0.12,0.23,0.23,1998,,,
0.03,0.11,0.11,1999,,,
0.15,0.09,0.09,2000,,,
0.07,0.06,0.06,2001,,,
0.15,0.1,0.1,2002,,,
0.26,0.14,0.14,2003,,,
0.19,0.15,0.15,2004,,,
0.26,0.21,0.21,2005,,,
0.27,0.12,0.12,2006,,,
0.24,0.16,0.16,2007,,,
0.2,0.11,0.11,2008,,,
0.42,,0.07,2009,,,
0.08,0.1,0.1,2010,,,
0.24,0.1,0.1,2011,,,
0.19,0.2,0.2,2012,,,
0.27,0.11,0.11,2013,,,
0.23,0.25,0.25,2014,,,
0.35,0.24,0.24,2015,,,
0.33,0.2,0.2,2016,,,
0.38,0.2,0.2,2017,,,
0.13,0.18,,2018,,,
0.08,,,2019,,,
0.13,,,2020,,,
0.05,,,2021,,,
0.09,,,2022,,,
0.07,,,2023,,,
0.07,,,2024,,,
0.07,,,2025,,,
0.07,,,2026,,,
0.07,,,2027,,,
0.07,,,2028,,,
0.07,,,2029,,,
0.07,,,2030,,,
0.07,,,2031,,,
0.07,,,2032,,,
0.07,,,2033,,,
0.07,,,2034,,,
0.07,,,2035,,,
0.07,,,2036,,,
0.07,,,2037,,,
0.07,,,2038,,,
0.07,,,2039,,,
0.07,,,2040,,,
