species,landed_value,wholesale_value,number,gear,landed_price_per_fish,wholesale_price_per_fish
Chinook,3555327,1225144.673,120000,other,29.627725,10.20953894
Chum,484380,811989.2234,20000,other,24.219,40.59946117
Coho,222290,217032.2957,50000,other,4.4458,4.340645914
Pink,313133,1049299.841,400000,other,0.7828325,2.623249603
Sockeye,2069360,2065074.875,230000,other,8.997217391,8.978586413
Chinook,1472809,382930.2187,20000,gillnet,73.64045,19.14651094
Chum,583825,723942.8091,40000,gillnet,14.595625,18.09857023
Coho,6010,4988.426982,190,gillnet,31.63157895,26.25487885
Pink,88351,248266.9275,70000,gillnet,1.262157143,3.546670393
Sockeye,3799989,1633995.464,260000,gillnet,14.61534231,6.284597938
Chinook,590634,153564.9163,10000,seine,59.0634,15.35649163
Chum,1331812,1651446.293,60000,seine,22.19686667,27.52410488
Coho,482,400.2426684,80000,seine,0.006025,0.005003033
Pink,1800081,5058228.864,880000,seine,2.045546591,5.747987345
Sockeye,2716690,1168176.695,190000,seine,14.29836842,6.148298395
Chinook,6858907,1783315.696,70000,troll,97.98438571,25.47593851
Chum,80992,100429.6846,4360,troll,18.57614679,23.03433133
Coho,2250600,1867998.054,90000,troll,25.00666667,20.75553393
Pink,645483,1813807.6,120000,troll,5.379025,15.11506333
Sockeye,105701,45451.60202,4140,troll,25.53164251,10.97864783
