model_id,Stock,AIC,(Intercept),NPGO,Production,spawners,PDO,SeaLions,seal,adult.sst,pink,smolt.sst,deltaAIC
151,Birkenhead,199.2167167327636,1.3616394332744717,0.21634765762514643,-0.6658919235379794,-4.5646149411129436e-6,NA,NA,NA,NA,NA,NA,0
154,Birkenhead,199.46248393738955,1.4706831371055633,NA,NA,-5.721774293242546e-6,-0.2551584464336261,-0.7066626361219923,NA,NA,NA,NA,0.24576720462596313
169,Birkenhead,200.6388658143865,1.3708644772564398,NA,-0.642225652610513,-4.6000035070343016e-6,NA,NA,NA,NA,NA,NA,1.422149081622905
1,Bowron,175.94653136550292,1.6166762187226882,-0.21199195300420254,NA,-4.335073901329478e-5,-0.21102614006179457,-0.3658703331951331,NA,NA,-0.38382024936050985,NA,0
11,Chilko,168.4428767141454,1.5397629594708833,NA,-0.4327867792991277,-8.062551432572486e-7,-0.1994053318920381,NA,NA,NA,NA,NA,0
44,Cultus,219.85510810856866,1.0341996532142952,NA,-0.5095651019414741,-2.9743037635626745e-5,NA,NA,NA,NA,NA,-0.45294499521699316,0
65,Cultus,221.1603145897296,1.0190343225392968,NA,-0.7372702302001701,-2.815626745170334e-5,-0.37056181716532566,NA,NA,NA,NA,NA,1.3052064811609512
20,Early Stuart,149.5507285202314,1.2128204677220198,NA,NA,-1.0912168326727808e-6,NA,NA,-0.4863532269919224,-0.17958761053165578,NA,NA,0
28,Early Stuart,150.22191149903028,1.2086027480388133,NA,NA,-1.0235390173457872e-6,-0.14952393325889005,NA,-0.5626615856940844,NA,NA,NA,0.6711829787988961
1,Gates,221.47165187282016,1.3131991086385342,NA,NA,-1.1484618714948962e-5,NA,NA,NA,NA,NA,-0.36670217187394133,0
21,Late Stuart,215.9178731151558,1.412115251400896,NA,NA,-4.93605081205281e-7,NA,NA,NA,NA,-0.4350887793982418,NA,0
3,Pitt,164.22595288570693,1.3570651876957884,NA,NA,-1.9250870296889595e-5,NA,-0.26282520492414063,NA,NA,NA,-0.2715999586336121,0
23,Portage,219.5875883729742,1.7197475821868025,NA,-0.5344433675398222,-1.9798191236920643e-5,NA,NA,NA,NA,NA,NA,0
49,Portage,220.63854299329398,1.7445188901560538,NA,NA,-2.4849335718874943e-5,NA,NA,NA,NA,-0.5090597410514404,NA,1.0509546203197715
52,Quesnel,246.14611770854538,0.9365498693893746,NA,-0.5159846375013907,-3.601698010304793e-8,NA,NA,NA,NA,NA,NA,0
91,Raft,179.83889310759918,1.346446931633512,NA,NA,-2.1281859513731637e-5,NA,-0.3029656490913635,NA,NA,NA,-0.23984730274440955,0
105,Raft,180.63073279548493,1.3331176002547633,NA,NA,-1.9839469675210644e-5,-0.23971116132122486,-0.43800613057194127,NA,NA,NA,NA,0.791839687885755
7,Scotch,178.43190781284113,1.4406709890032574,0.3486324440220965,NA,-2.1709471646581385e-6,NA,-0.3925262236237889,NA,NA,-0.42725672133825576,NA,0
23,Scotch,180.20071035724632,1.4920025434890887,0.38092736982209924,NA,-3.904389579122945e-6,NA,NA,NA,NA,-0.6324123106233831,NA,1.7688025444051902
1,Seymour,169.21060093762495,1.315940264678945,NA,NA,-2.8660750036764664e-6,NA,NA,NA,NA,-0.38836709665307156,-0.3590781973901024,0
1,Stellako,158.45557037815962,1.4951220300581076,NA,NA,-2.3210360556021908e-06,NA,-0.4065587235843557,NA,NA,-0.25297629777220965,NA,0
135,Weaver,178.1898810270424,2.133981299936047,NA,-0.49566606688105713,-8.674298902862942e-6,NA,NA,NA,NA,NA,NA,0
155,Weaver,179.62078939922154,1.9664425665095238,NA,NA,-4.9242543204682185e-6,NA,NA,NA,NA,-0.47158865533297906,NA,1.4309083721791467
161,Weaver,179.98830893153016,1.9373795399397478,NA,NA,-5.176092640042742e-6,NA,NA,NA,NA,NA,-0.4372544953535839,1.7984279044877667
