Year,Price per kg,Year,price_per_kg
1952.762812,6.0805054,1952,6.0805054
1953.497759,5.210944637,1953,5.210944637
1954.643719,4.992529987,1954,4.992529987
1955.8129,5.353276134,1955,5.353276134
1956.605899,5.931617365,1956,5.931617365
1958.393341,5.712519742,1957,
1959.42842,5.928612285,1958,5.712519742
1960.740411,6.651197336,1959,5.928612285
1961.495676,6.288402271,1960,6.651197336
1962.769932,6.069851027,1961,6.288402271
1963.918795,5.923831477,1962,6.069851027
1964.82848,6.212455713,1963,5.923831477
1965.97444,5.994041064,1964,6.212455713
1966.995006,5.848158108,1965,5.994041064
1968.138063,5.557348359,1966,5.848158108
1969.540616,5.33866052,1967,
1971.202664,5.192094592,1968,5.557348359
1972.611021,5.118196952,1969,5.33866052
1973.269919,5.551884578,1970,5.192094592
1973.800521,5.985708798,1971,5.118196952
1974.946481,5.767294148,1972,5.551884578
1975.961241,5.476620993,1973,5.985708798
1976.873829,5.83764033,1974,5.767294148
1977.783515,6.126264567,1975,5.476620993
1978.191625,6.70501558,1976,5.83764033
1978.602638,7.356161694,1977,6.126264567
1979.004943,7.790122508,1978,7.030588637
1979.800845,8.440858838,1979,8.115490673
1980.034217,7.861424852,1980,7.046604345
1980.267589,7.281990865,1981,6.628795834
1980.375567,6.775088573,1982,6.338395868
1980.740137,6.267913092,1983,5.685747215
1981.781022,6.628795834,1984,6.807188287
1982.53919,6.338395868,1985,7.855756179
1983.539437,5.685747215,1986,9.048977675
1984.084552,6.481546933,1987,10.93015751
1984.367269,7.132829641,1988,13.36670793
1985.031972,7.711307466,1989,11.29533322
1985.685064,8.000204892,1990,7.560507107
1986.35267,8.651077816,1991,6.039390447
1986.897785,9.446877534,1992,7.534372021
1987.305895,10.02562855,1993,6.580270628
1987.585709,10.60451616,1994,7.817113587
1987.868425,11.25579886,1995,7.772638409
1988.151142,11.90708157,1996,7.843530969
1988.302659,12.48610578,1997,5.091424425
1988.454177,13.06512998,1998,10.08573014
1988.608597,13.71654928,1999,
1988.757212,14.22317838,2000,8.165518419
1988.908729,14.80220259,2001,4.652819396
1989.054441,15.23643659,2002,5.520467836
1989.352252,13.06417382,2003,5.012745977
1989.434106,11.90571563,2004,6.531950314
1989.650062,10.89191104,2005,4.865633671
1989.874726,10.09529176,2006,3.923677808
1989.842797,9.298945661,2007,
1989.942067,8.57485807,2008,4.283604388
1990.557425,7.9226192,2009,4.427028642
1990.784992,7.198395014,2010,3.267750886
1991.009656,6.401775729,2011,4.352721219
1991.750408,5.677005165,2012,4.785862466
1992.301328,6.617595083,2013,5.7984377
1992.461553,7.413804584,2014,4.168796688
1992.892884,8.571716396,2015,4.782720792
1993.114645,7.702702011,2016,7.677568617
1993.211013,6.90621932,2017,8.979587655
1993.316088,6.326921928,2018,6.516924916
1993.79154,5.385239254,2019,9.049797242
1994.085867,6.326102361,2020,8.976309387
1994.368583,6.977385069,,
1994.391804,7.556545866,,
1994.549127,8.280360268,,
1994.87248,9.945174371,,
1995.097144,9.148555086,,
1995.324711,8.4243309,,
1995.415273,7.48305801,,
1995.870406,6.034609638,,
1996.841047,7.843530969,,
1997.757118,5.091424425,,
1998.855474,10.08573014,,
2000.036266,10.73605669,,
2000.325368,8.346608614,,
2000.535519,7.18801383,,
2000.760183,6.391394545,,
2001.716891,4.652819396,,
2002.778094,5.520467836,,
2003.65585,5.012745977,,
2004.743177,6.531950314,,
2005.831084,4.865633671,,
2006.563128,3.923677808,,
2008.114295,4.211619072,,
2008.889879,4.355589704,,
2009.790857,4.427028642,,
2010.642489,3.267750886,,
2011.584104,4.352721219,,
2012.756187,4.785862466,,
2013.694899,5.7984377,,
2014.505895,3.625628548,,
2014.164545,4.711964827,,
2015.707005,4.782720792,,
2016.721185,7.677568617,,
2017.799804,8.979587655,,
2018.855782,6.516924916,,
2019.855449,9.049797242,,
2020.878917,8.976309387,,
