model_id,Stock,AIC,(Intercept),PDO,SeaLions,spawners,seal,adult.sst,pink,smolt.sst,NPGO,deltaAIC
61,Birkenhead,199.46248393738955,1.4706831371055633,-0.2551584464336261,-0.7066626361219923,-5.721774293242546e-6,NA,NA,NA,NA,NA,0
1,Bowron,175.94653136550292,1.6166762187226882,-0.21102614006179457,-0.3658703331951331,-4.335073901329478e-5,NA,NA,-0.38382024936050985,NA,-0.21199195300420254,0
16,Chilko,170.94006068540017,1.5747877147697018,-0.2234491196013474,-0.4115772817136769,-9.211557494820452e-7,NA,NA,NA,NA,NA,0
21,Cultus,223.57420413955182,0.9326661106054217,NA,-0.3924652282673428,-2.2200573585698372e-5,NA,NA,NA,-0.5119917505473993,NA,0
44,Cultus,225.51985212772814,0.9168893698258651,NA,-0.41985070995334955,-2.269191145868033e-5,NA,NA,-0.34369810027440295,NA,NA,1.9456479881763187
16,Early Stuart,149.5507285202314,1.2128204677220198,NA,NA,-1.0912168326727808e-6,-0.4863532269919224,-0.17958761053165578,NA,NA,NA,0
20,Early Stuart,150.22191149903028,1.2086027480388133,-0.14952393325889005,NA,-1.0235390173457872e-6,-0.5626615856940844,NA,NA,NA,NA,0.6711829787988961
1,Gates,221.47165187282016,1.3131991086385342,NA,NA,-1.1484618714948962e-5,NA,NA,NA,-0.36670217187394133,NA,0
8,Late Stuart,215.9178731151558,1.412115251400896,NA,NA,-4.93605081205281e-7,NA,NA,-0.4350887793982418,NA,NA,0
3,Pitt,164.22595288570693,1.3570651876957884,NA,-0.26282520492414063,-1.9250870296889595e-5,NA,NA,NA,-0.2715999586336121,NA,0
20,Portage,220.63854299329398,1.7445188901560538,NA,NA,-2.4849335718874943e-5,NA,NA,-0.5090597410514404,NA,NA,0
76,Quesnel,250.66375359898143,0.9770004037080631,NA,NA,-1.5463616803580407e-7,NA,-0.36569811064013885,NA,NA,NA,0
87,Quesnel,251.8103985492817,0.9634956956041109,NA,NA,-1.1503428055666474e-7,NA,NA,NA,-0.32443914732795176,NA,1.1466449503002707
36,Raft,179.83889310759918,1.346446931633512,NA,-0.3029656490913635,-2.1281859513731637e-5,NA,NA,NA,-0.23984730274440955,NA,0
40,Raft,180.63073279548493,1.3331176002547633,-0.23971116132122486,-0.43800613057194127,-1.9839469675210644e-5,NA,NA,NA,NA,NA,0.791839687885755
1,Scotch,178.43190781284113,1.4406709890032574,NA,-0.3925262236237889,-2.1709471646581385e-6,NA,NA,-0.42725672133825576,NA,0.3486324440220965,0
4,Scotch,180.20071035724632,1.4920025434890887,NA,NA,-3.904389579122945e-6,NA,NA,-0.6324123106233831,NA,0.38092736982209924,1.7688025444051902
1,Seymour,169.21060093762495,1.315940264678945,NA,NA,-2.8660750036764664e-6,NA,NA,-0.38836709665307156,-0.3590781973901024,NA,0
1,Stellako,158.45557037815962,1.4951220300581076,NA,-0.4065587235843557,-2.3210360556021908e-06,NA,NA,-0.25297629777220965,NA,NA,0
62,Weaver,179.62078939922154,1.9664425665095238,NA,NA,-4.9242543204682185e-6,NA,NA,-0.47158865533297906,NA,NA,0
64,Weaver,179.98830893153016,1.9373795399397478,NA,NA,-5.176092640042742e-6,NA,NA,NA,-0.4372544953535839,NA,0.36751953230862
