Year,SSL_number
1950,
1951,20351
1952,19929
1953,19506
1954,19083
1955,18660
1956,18660
1957,14280
1958,10200
1959,8160
1960,8709
1961,8485
1962,8261
1963,8037
1964,7813
1965,7589
1966,7365
1967,7141
1968,6917
1969,6693
1970,6469
1971,6469
1972,6324
1973,6220
1974,6732
1975,7140
1976,7548
1977,7962
1978,7956
1979,7854
1980,7752
1981,7732
1982,7713
1983,8160
1984,8364
1985,8670
1986,8976
1987,9455
1988,9588
1989,9792
1990,9996
1991,10608
1992,10947
1993,10200
1994,9455
1995,10200
1996,11220
1997,12240
1998,13435
1999,14280
2000,15300
2001,16320
2002,17913
2003,18360
2004,20400
2005,22440
2006,24133
2007,23460
2008,22889
2009,25500
2010,28860
2011,30600
2012,32640
2013,35824
2014,37974
2015,40252
2016,42667
2017,45228
2018,47941
2019,47941
2020,47941
2021,47941
2022,47941
2023,47941
2024,47941
2025,47941
2026,47941
2027,47941
