Stock,Year,Spawners,lnRS,SL,SST
Chilcotin,1973,1.4352,0.257064916,-0.9850393782646168,-1.3552025916305974
Chilcotin,1974,0.6768,0.858393439,-0.987872137967169,0.1428146634491599
Chilcotin,1975,0.5808,0.878874649,-0.9908755896005159,-0.5759003500049801
Chilcotin,1976,1.0224,0.55056148,-0.991440930959957,0.2525188804248863
Chilcotin,1977,0.4944,1.615178879,-0.9739758778707599,-0.482890906987982
Chilcotin,1978,1.152,0.881969513,-0.9469847623459289,0.7954780290850729
Chilcotin,1979,0.7152,1.850017776,-0.9187818551705617,-1.4143978766829979
Chilcotin,1980,0.8928,1.544974138,-0.8894894250326744,0.8153858226255986
Chilcotin,1981,0.5856,1.935489017,-0.8592890590926869,0.41104077046229914
Chilcotin,1982,0.936,1.392509118,-0.8290681132745188,-1.2290059603472387
Chilcotin,1983,1.5312,0.222270476,-0.7983629350285637,-0.8581137176658129
Chilcotin,1984,1.1328,-0.13298996,-0.766810350033982,-0.6952824810632765
Chilcotin,1985,3.1488,-1.167202596,-0.7341416092933518,-0.46426922072726773
Chilcotin,1986,1.992,-0.478231321,-0.6998845861895813,-0.06630674077137946
Chilcotin,1987,2.328,-0.212856644,-0.6606702336063444,0.33696363624857023
Chilcotin,1988,2.3424,-0.408069336,-0.6174101190889496,-0.23849352897839432
Chilcotin,1989,0.6096,0.833383475,-0.5694117902656617,0.19812440057852554
Chilcotin,1990,0.4032,1.030143585,-0.5178943022734341,0.8527758897997987
Chilcotin,1991,0.4656,1.060067792,-0.4640246552632324,0.3419482424648273
Chilcotin,1992,0.5424,0.700108833,-0.4072520348484496,-0.08148486288893186
Chilcotin,1993,1.5456,-0.525549896,-0.3437727953088207,0.25215228301357845
Chilcotin,1994,0.9168,0.025783141,-0.27563766097602305,1.4199003295387267
Chilcotin,1995,0.8304,0.403536249,-0.20358145455922208,0.31399719382673447
Chilcotin,1996,0.5184,0.898833494,-0.12737537623628922,-1.523752484665801
Chilcotin,1997,1.3728,-0.277394155,-0.0418357178677678,-0.04602596511115661
Chilcotin,1998,0.672,-0.20122718,0.051003744349638586,-0.2546027218549436
Chilcotin,1999,0.744,-0.389718621,0.1481891926064304,0.225888171287322
Chilcotin,2000,0.739,-0.210054392,0.2456288628878105,0.5876775804741252
Chilcotin,2001,1.258,-0.954776631,0.31390563520573583,1.1946509909445158
Chilcotin,2002,1.114,-1.316397885,0.3697134225081537,1.9492126080874852
Chilcotin,2003,0.917,-1.018218707,0.4436920316632679,0.02607354222689719
Chilcotin,2004,0.254,0.083883548,0.5329118564829686,-0.6752929445371291
Chilcotin,2005,0.384,-0.001210199,0.655676882737593,-1.1732016261570417
Chilcotin,2006,0.552,-0.23609739,0.8000144636501153,-0.07860560967589393
Chilcotin,2007,0.3744,0.408996238,0.9472453333186633,-0.5592757502949448
Chilcotin,2008,0.1584,1.845651516,1.0610278480378443,-0.24506518648234585
Chilcotin,2009,0.35,0.687866685,1.1580559207556056,-1.4258924603756677
Chilcotin,2010,0.144,0.739214148,1.2564398442711697,0.42884989982728966
Chilcotin,2011,0.3744,-0.494822671,1.349109825138851,1.926400744442168
Chilcotin,2012,0.307,-0.77994141,1.393429198092029,1.9057269548036833
Chilcotin,2013,0.374,-1.205779793,1.4135732670879557,2.060465640427414
Chilcotin,2014,0.955,-2.802712489,1.4313324913770333,0.6885684001343587
Chilcotin,2015,0.418,-2.755311755,1.4515491952371282,0.8627623331384219
Chilcotin,2016,0.134,-1.229624078,1.4977449688479803,2.308357926484027
Chilcotin,2017,0.187,-0.532654118,1.4977449688479803,1.4636975725052377
Chilcotin,2018,NA,NA,1.4977449688479803,0.4278057795167569
Thompson,1973,NA,NA,-0.9895485264205452,-1.8306055463195414
Thompson,1974,NA,NA,-0.9923294248300815,-1.3552025916305974
Thompson,1975,NA,NA,-0.9951456237836036,0.1428146634491599
Thompson,1976,NA,NA,-0.997947997901312,-0.5759003500049801
Thompson,1977,NA,NA,-0.9974206203642093,0.2525188804248863
Thompson,1978,1.666,1.399592344,-0.9720880856452226,-0.482890906987982
Thompson,1979,1.666,0.557133837,-0.9447771467076493,0.7954780290850729
Thompson,1980,0.952,2.404259557,-0.9165703656728599,-1.4143978766829979
Thompson,1981,1.247,1.319104039,-0.8872105182752139,0.8153858226255986
Thompson,1982,1.19,0.926257799,-0.8570621467921602,0.41104077046229914
Thompson,1983,2.857,0.294058256,-0.8272632095348079,-1.2290059603472387
Thompson,1984,1.12,1.124863812,-0.7965784780031163,-0.8581137176658129
Thompson,1985,3.51,-0.475898721,-0.7650856230785019,-0.6952824810632765
Thompson,1986,2.33,-0.026414152,-0.7322910061182687,-0.46426922072726773
Thompson,1987,1.68,0.20696631,-0.6978400963504122,-0.06630674077137946
Thompson,1988,1.5,1.051272451,-0.6568877246315528,0.33696363624857023
Thompson,1989,1.67,0.952921214,-0.6131787387594103,-0.23849352897839432
Thompson,1990,1.2,1.182878035,-0.5638398850946591,0.19812440057852554
Thompson,1991,1.2,0.223192386,-0.5120598341742748,0.8527758897997987
Thompson,1992,0.9,1.336021617,-0.45793479087584793,0.3419482424648273
Thompson,1993,2.96,-0.288877274,-0.40074404786548173,-0.08148486288893186
Thompson,1994,2.66,0.218813993,-0.33518028457071675,0.25215228301357845
Thompson,1995,2.59,-0.544256377,-0.2668534426197581,1.4199003295387267
Thompson,1996,1.02,0.78382794,-0.194000794917355,0.31399719382673447
Thompson,1997,3,0.109317509,-0.1173181108273733,-1.523752484665801
Thompson,1998,1.47,0.196476701,-0.028808291804914735,-0.04602596511115661
Thompson,1999,2.52,-0.532005852,0.06471054850867608,-0.2546027218549436
Thompson,2000,1.5,0.82098773,0.16174043709804142,0.225888171287322
Thompson,2001,1.81,-0.074704772,0.25787897484595845,0.5876775804741252
Thompson,2002,3.16,-1.148648319,0.31198456410659914,1.1946509909445158
Thompson,2003,1.48,-0.125459757,0.36790965671464804,1.9492126080874852
Thompson,2004,0.95,-0.070614915,0.44985449459738797,0.02607354222689719
Thompson,2005,2.44,-1.2090939,0.5412027630534257,-0.6752929445371291
Thompson,2006,1.66,-0.808835608,0.677234305132122,-1.1732016261570417
Thompson,2007,0.74,0.588277966,0.8227340438713332,-0.07860560967589393
Thompson,2008,1.16,0.014555082,0.9685361857616961,-0.5592757502949448
Thompson,2009,0.69,0.960010149,1.065222269327333,-0.24506518648234585
Thompson,2010,0.59,0.558111024,1.1610962951115715,-1.4258924603756677
Thompson,2011,0.52,-0.21549014,1.258519138316086,0.42884989982728966
Thompson,2012,1,-1.095373438,1.3474847411111983,1.926400744442168
Thompson,2013,1.09,-1.600830846,1.3696865558090048,1.9057269548036833
Thompson,2014,1.3,-1.514552431,1.388728390741183,2.060465640427414
Thompson,2015,0.85,-1.117350753,1.4059633123690736,0.6885684001343587
Thompson,2016,0.36,-0.550433592,1.427291813883367,0.8627623331384219
Thompson,2017,0.24,-0.444157917,1.427291813883367,2.308357926484027
Thompson,2018,0.15,0.920911825,1.427291813883367,1.4636975725052377
