Landed Value ('000s of 2020$),Sockeye,Coho,Pink,Chum,Chinook,Total Landings (Tonnes),Sockeye,Coho,Pink,Chum,Chinook
1952,"$87,525 ","$32,937 ","$46,524 ","$26,642 ","$27,379 ","68,320",$6.25 ,$3.27 ,$2.00 ,$1.84 ,$4.19 
1953,"$85,650 ","$32,322 ","$49,589 ","$41,593 ","$30,475 ","86,337",$5.34 ,$3.08 ,$1.77 ,$1.68 ,$4.29 
1954,"$110,952 ","$33,431 ","$21,298 ","$58,187 ","$26,890 ","82,264",$5.20 ,$3.56 ,$1.82 ,$1.72 ,$4.39 
1955,"$41,469 ","$42,982 ","$58,189 ","$18,637 ","$29,825 ","60,877",$5.49 ,$4.02 ,$2.03 ,$2.26 ,$5.25 
1956,"$59,586 ","$57,526 ","$26,246 ","$33,330 ","$37,460 ","52,957",$6.11 ,$5.04 ,$2.00 ,$2.68 ,$6.03 
1957,"$43,085 ","$35,290 ","$52,302 ","$23,611 ","$29,246 ","61,548",$6.04 ,$3.42 ,$2.01 ,$1.91 ,$5.10 
1958,"$195,651 ","$50,688 ","$29,680 ","$35,302 ","$37,835 ","83,937",$5.82 ,$4.52 ,$1.93 ,$2.04 ,$5.87 
1959,"$51,214 ","$40,946 ","$34,546 ","$25,489 ","$34,200 ","49,573",$6.25 ,$4.61 ,$2.17 ,$2.43 ,$5.58 
1960,"$47,930 ","$38,552 ","$17,703 ","$27,301 ","$29,709 ","35,081",$6.83 ,$5.97 ,$2.30 ,$2.96 ,$6.35 
1961,"$75,085 ","$55,669 ","$48,271 ","$16,246 ","$25,966 ","56,750",$6.22 ,$4.96 ,$2.13 ,$2.45 ,$6.30 
1962,"$56,025 ","$57,500 ","$90,908 ","$18,300 ","$31,450 ","75,944",$6.14 ,$4.76 ,$2.14 ,$2.23 ,$7.65 
1963,"$32,537 ","$54,130 ","$49,374 ","$16,008 ","$32,683 ","56,029",$6.04 ,$4.68 ,$1.80 ,$2.29 ,$7.09 
1964,"$65,532 ","$73,452 ","$32,246 ","$24,294 ","$44,016 ","58,365",$6.29 ,$5.12 ,$1.93 ,$2.24 ,$7.26 
1965,"$45,916 ","$84,786 ","$20,344 ","$6,290 ","$40,504 ","43,163",$6.24 ,$5.10 ,$1.96 ,$2.08 ,$7.05 
1966,"$69,547 ","$87,073 ","$62,460 ","$13,774 ","$48,672 ","76,449",$5.96 ,$4.96 ,$1.87 ,$1.98 ,$7.00 
1967,"$97,007 ","$49,825 ","$46,434 ","$11,266 ","$46,720 ","62,927",$5.77 ,$4.88 ,$1.98 ,$2.05 ,$6.71 
1968,"$104,899 ","$70,121 ","$46,953 ","$33,221 ","$45,624 ","82,607",$5.59 ,$4.63 ,$1.86 ,$2.01 ,$6.60 
1969,"$59,891 ","$40,737 ","$14,263 ","$17,968 ","$45,135 ","37,242",$5.47 ,$5.28 ,$2.36 ,$2.96 ,$7.00 
1970,"$60,732 ","$76,604 ","$48,890 ","$39,122 ","$49,280 ","72,431",$5.32 ,$5.61 ,$2.04 ,$2.33 ,$7.51 
1971,"$92,500 ","$61,802 ","$37,953 ","$12,500 ","$53,506 ","63,171",$5.34 ,$4.39 ,$2.15 ,$2.31 ,$6.15 
1972,"$49,357 ","$60,725 ","$36,462 ","$74,566 ","$55,099 ","76,735",$5.19 ,$5.77 ,$2.01 ,$2.47 ,$6.60 
1973,"$132,485 ","$94,550 ","$39,410 ","$163,350 ","$69,930 ","86,401",$6.15 ,$8.40 ,$2.96 ,$4.99 ,$9.25 
1974,"$129,743 ","$60,148 ","$25,178 ","$46,435 ","$60,013 ","63,394",$5.98 ,$5.80 ,$2.25 ,$3.72 ,$7.86 
1975,"$32,094 ","$48,631 ","$27,059 ","$28,259 ","$47,733 ","36,335",$5.65 ,$6.29 ,$2.64 ,$5.24 ,$6.55 
1976,"$74,302 ","$76,730 ","$43,612 ","$53,363 ","$82,442 ","57,415",$6.02 ,$8.23 ,$2.56 ,$4.89 ,$10.60 
1977,"$108,478 ","$76,333 ","$74,956 ","$26,616 ","$79,424 ","65,522",$6.24 ,$7.74 ,$3.03 ,$4.41 ,$10.56 
1978,"$174,073 ","$86,022 ","$40,489 ","$105,161 ","$92,937 ","70,546",$7.80 ,$9.40 ,$2.64 ,$6.63 ,$11.78 
1979,"$124,089 ","$126,255 ","$85,057 ","$35,080 ","$89,281 ","61,166",$8.54 ,$12.21 ,$3.44 ,$7.38 ,$13.04 
1980,"$48,853 ","$61,871 ","$40,531 ","$97,043 ","$65,166 ","53,819",$6.32 ,$6.86 ,$2.95 ,$5.77 ,$9.96 
1981,"$142,958 ","$57,650 ","$120,025 ","$25,620 ","$67,399 ","78,840",$6.81 ,$7.67 ,$3.14 ,$4.16 ,$11.39 
1982,"$189,950 ","$62,973 ","$7,696 ","$61,489 ","$75,163 ","65,600",$6.30 ,$6.77 ,$1.94 ,$4.07 ,$10.60 
1983,"$83,309 ","$51,200 ","$60,635 ","$17,303 ","$40,075 ","74,602",$5.82 ,$4.89 ,$1.53 ,$3.53 ,$7.45 
1984,"$101,074 ","$78,114 ","$23,615 ","$32,840 ","$82,040 ","50,281",$7.85 ,$7.74 ,$1.96 ,$3.65 ,$13.12 
1985,"$256,112 ","$56,474 ","$82,896 ","$73,913 ","$54,366 ","107,361",$8.11 ,$6.29 ,$2.20 ,$3.13 ,$9.94 
1986,"$295,611 ","$81,016 ","$53,009 ","$77,612 ","$40,565 ","103,780",$9.59 ,$6.12 ,$1.80 ,$3.08 ,$8.10 
1987,"$171,968 ","$66,415 ","$65,890 ","$52,702 ","$60,082 ","66,620",$11.44 ,$7.89 ,$2.45 ,$4.79 ,$11.45 
1988,"$181,667 ","$71,018 ","$92,906 ","$159,456 ","$82,527 ","87,456",$15.21 ,$10.03 ,$2.88 ,$5.26 ,$13.94 
1989,"$304,470 ","$34,780 ","$60,222 ","$24,783 ","$36,258 ","88,696",$8.86 ,$3.97 ,$1.94 ,$2.66 ,$6.93 
1990,"$279,581 ","$48,816 ","$46,931 ","$47,056 ","$35,630 ","96,352",$7.53 ,$4.62 ,$1.79 ,$2.74 ,$6.82 
1991,"$142,959 ","$42,677 ","$50,622 ","$21,761 ","$33,172 ","85,654",$5.67 ,$4.25 ,$1.44 ,$2.13 ,$6.56 
1992,"$183,649 ","$34,285 ","$17,978 ","$42,462 ","$40,672 ","66,479",$8.77 ,$4.68 ,$1.21 ,$2.36 ,$7.62 
1993,"$231,189 ","$17,938 ","$18,966 ","$38,377 ","$23,980 ","84,982",$5.44 ,$4.16 ,$1.18 ,$2.22 ,$4.98 
1994,"$316,204 ","$36,635 ","$3,800 ","$35,636 ","$22,900 ","65,821",$10.26 ,$4.75 ,$1.12 ,$1.75 ,$6.41 
1995,"$64,402 ","$21,256 ","$22,621 ","$18,703 ","$8,657 ","48,791",$6.11 ,$4.37 ,$1.14 ,$1.54 ,$5.73 
1996,"$123,420 ","$17,355 ","$7,797 ","$8,281 ","$1,676 ","34,326",$8.20 ,$4.69 ,$0.94 ,$1.19 ,$5.15 
1997,"$130,849 ","$2,849 ","$10,304 ","$10,036 ","$9,441 ","48,024",$5.25 ,$3.94 ,$0.85 ,$1.16 ,$5.93 
1998,"$48,336 ",$9 ,"$4,397 ","$20,960 ","$8,659 ","31,044",$10.25 ,$2.23 ,$1.12 ,$1.00 ,$6.27 
1999,"$15,404 ",$43 ,"$8,587 ","$6,085 ","$6,906 ","16,509",$10.90 ,$2.87 ,$0.90 ,$1.26 ,$9.01 
2000,"$57,642 ",$236 ,"$7,090 ","$4,606 ","$3,739 ","18,880",$6.82 ,$3.86 ,$0.97 ,$1.76 ,$7.99 
2001,"$34,089 ",$141 ,"$6,942 ","$8,063 ","$4,150 ","25,338",$4.84 ,$3.66 ,$0.58 ,$1.42 ,$6.69 
2002,"$60,502 ","$1,121 ","$4,048 ","$9,280 ","$10,131 ","34,965",$5.68 ,$2.40 ,$0.47 ,$0.69 ,$5.86 
2003,"$35,024 ","$3,319 ","$6,073 ","$13,566 ","$12,615 ","40,163",$5.26 ,$3.62 ,$0.39 ,$0.94 ,$4.97 
2004,"$32,094 ","$5,872 ","$1,478 ","$16,227 ","$21,674 ","27,684",$6.83 ,$4.42 ,$0.41 ,$1.06 ,$7.94 
2005,"$4,385 ","$5,514 ","$6,202 ","$15,351 ","$17,640 ","31,093",$5.26 ,$3.80 ,$0.43 ,$1.26 ,$8.16 
2006,"$45,071 ","$3,438 ",$639 ,"$14,629 ","$17,860 ","25,866",$4.16 ,$5.59 ,$0.44 ,$1.32 ,$9.41 
2007,"$7,356 ","$3,346 ","$6,630 ","$8,455 ","$13,145 ","20,885",$4.21 ,$3.94 ,$0.56 ,$1.67 ,$9.19 
2008,"$8,012 ","$2,267 ",$274 ,"$4,205 ","$10,698 ","5,474",$4.59 ,$6.64 ,$0.71 ,$2.02 ,$11.65 
2009,"$2,500 ","$3,897 ","$8,300 ","$6,763 ","$9,819 ","19,833",$4.67 ,$4.73 ,$0.60 ,$1.91 ,$9.88 
2010,"$89,332 ","$2,585 ",$770 ,"$1,088 ","$12,983 ","30,209",$3.36 ,$5.24 ,$0.61 ,$1.96 ,$10.15 
2011,"$14,548 ","$4,650 ","$11,548 ","$18,037 ","$13,726 ","24,814",$4.63 ,$4.66 ,$1.08 ,$2.14 ,$8.59 
2012,"$10,608 ","$3,048 ",$982 ,"$6,597 ","$8,259 ","10,155",$4.98 ,$4.26 ,$0.86 ,$1.28 ,$8.26 
2013,"$2,742 ","$7,113 ","$13,318 ","$10,864 ","$5,647 ","26,969",$6.25 ,$4.68 ,$0.76 ,$1.59 ,$7.95 
2014,"$88,050 ","$2,689 ","$4,166 ","$6,894 ","$15,040 ","35,787",$3.73 ,$4.00 ,$0.69 ,$2.00 ,$7.51 
2015,"$11,027 ","$3,994 ","$1,292 ","$17,385 ","$8,450 ","16,536",$5.07 ,$4.62 ,$0.60 ,$1.69 ,$7.75 
2016,"$11,752 ","$4,304 ","$3,310 ","$29,141 ","$17,232 ","21,721",$7.94 ,$5.22 ,$0.84 ,$2.06 ,$13.07 
2017,"$1,344 ","$6,117 ","$3,411 ","$20,869 ","$15,696 ","12,239",$9.24 ,$5.84 ,$0.96 ,$3.32 ,$13.22 
2018,"$59,269 ","$3,681 ",$580 ,"$12,863 ","$9,638 ","14,491",$6.58 ,$6.92 ,$0.97 ,$3.51 ,$14.20 
2019,$571 ,"$3,885 ",$396 ,"$2,564 ","$7,902 ","2,708",$9.27 ,$7.30 ,$1.36 ,$2.47 ,$10.06 
2020,$514 ,"$1,784 ","$5,154 ","$3,037 ","$7,493 ","6,917",$9.13 ,$6.82 ,$1.11 ,$2.32 ,$11.75 
